path,sc_name
Chunk_5/99c94dc769b5d96e|2018-07-05--19-49-34/13,scb1
Chunk_4/99c94dc769b5d96e|2018-06-24--15-20-06/12,scb2
Chunk_9/99c94dc769b5d96e|2018-10-17--10-24-00/36,scb3
Chunk_6/99c94dc769b5d96e|2018-07-11--10-10-11/15,scb4
Chunk_6/99c94dc769b5d96e|2018-07-09--11-25-27/14,scb5
Chunk_8/99c94dc769b5d96e|2018-08-17--15-51-25/13,scb6
Chunk_2/b0c9d2329ad1606b|2018-09-15--17-50-36/77,scb7
Chunk_4/99c94dc769b5d96e|2018-06-25--22-19-02/7,scb8
Chunk_8/99c94dc769b5d96e|2018-09-17--09-23-18/33,scb9
Chunk_4/99c94dc769b5d96e|2018-06-25--22-19-02/8,scb10
Chunk_2/b0c9d2329ad1606b|2018-09-23--23-24-40/10,scb11
Chunk_5/99c94dc769b5d96e|2018-07-05--20-49-41/8,scb12
Chunk_4/99c94dc769b5d96e|2018-06-24--12-20-02/22,scb13
Chunk_1/b0c9d2329ad1606b|2018-08-14--20-41-07/13,scb14
Chunk_10/99c94dc769b5d96e|2018-11-13--10-09-22/44,scb15
Chunk_6/99c94dc769b5d96e|2018-07-11--15-13-12/10,scb16
Chunk_4/99c94dc769b5d96e|2018-06-18--21-20-21/34,scb17
Chunk_6/99c94dc769b5d96e|2018-07-11--10-10-11/28,scb18
Chunk_1/b0c9d2329ad1606b|2018-08-10--22-42-26/8,scb19
Chunk_6/99c94dc769b5d96e|2018-07-09--14-08-31/17,scb20
Chunk_1/b0c9d2329ad1606b|2018-08-17--14-17-47/9,scb21
Chunk_7/99c94dc769b5d96e|2018-07-27--21-00-35/16,scb22
Chunk_5/99c94dc769b5d96e|2018-07-06--18-18-36/24,scb23
Chunk_3/99c94dc769b5d96e|2018-05-05--11-09-01/18,scb24
Chunk_6/99c94dc769b5d96e|2018-07-11--15-13-12/11,scb25
Chunk_1/b0c9d2329ad1606b|2018-08-15--09-01-03/21,scb26
Chunk_9/99c94dc769b5d96e|2018-10-16--10-13-38/3,scb27
Chunk_5/99c94dc769b5d96e|2018-07-06--18-18-36/24,scb28
Chunk_6/99c94dc769b5d96e|2018-07-10--10-01-44/35,scb29
Chunk_5/99c94dc769b5d96e|2018-07-04--00-20-19/14,scb30
Chunk_9/99c94dc769b5d96e|2018-10-14--19-58-04/7,scb31
Chunk_7/99c94dc769b5d96e|2018-07-20--10-39-03/35,scb32
Chunk_3/99c94dc769b5d96e|2018-05-02--16-01-39/66,scb33
Chunk_5/99c94dc769b5d96e|2018-07-05--20-49-41/24,scb34
Chunk_5/99c94dc769b5d96e|2018-07-03--10-35-30/33,scb35
Chunk_4/99c94dc769b5d96e|2018-06-22--20-13-04/5,scb36
Chunk_4/99c94dc769b5d96e|2018-06-22--20-13-04/13,scb37
Chunk_5/99c94dc769b5d96e|2018-07-06--01-15-15/33,scb38
Chunk_10/99c94dc769b5d96e|2018-11-16--15-11-03/6,scb39
Chunk_10/99c94dc769b5d96e|2018-11-09--20-49-26/13,scb40
Chunk_5/99c94dc769b5d96e|2018-07-05--16-30-16/12,scb41
Chunk_4/99c94dc769b5d96e|2018-06-15--19-55-32/10,scb42
Chunk_6/99c94dc769b5d96e|2018-07-12--22-14-39/24,scb43
Chunk_9/99c94dc769b5d96e|2018-10-16--21-16-47/11,scb44
Chunk_1/b0c9d2329ad1606b|2018-07-31--20-50-28/13,scb45
Chunk_6/99c94dc769b5d96e|2018-07-10--10-01-44/40,scb46
Chunk_10/99c94dc769b5d96e|2018-11-07--10-06-00/24,scb47
Chunk_10/99c94dc769b5d96e|2018-11-07--10-06-00/24,scb48
Chunk_8/99c94dc769b5d96e|2018-09-13--20-42-02/2,scb49
Chunk_5/99c94dc769b5d96e|2018-07-06--18-18-36/25,scb50
Chunk_2/b0c9d2329ad1606b|2018-08-24--18-40-57/8,scb51
Chunk_2/b0c9d2329ad1606b|2018-10-05--20-16-56/13,scb52
Chunk_2/b0c9d2329ad1606b|2018-10-22--11-21-08/33,scb53
Chunk_8/99c94dc769b5d96e|2018-09-13--08-45-04/30,scb54
Chunk_4/99c94dc769b5d96e|2018-06-22--20-13-04/13,scb55
Chunk_6/99c94dc769b5d96e|2018-07-12--22-14-39/30,scb56
Chunk_10/99c94dc769b5d96e|2018-11-19--09-56-45/23,scb57
Chunk_1/b0c9d2329ad1606b|2018-08-03--10-35-16/7,scb58
Chunk_2/b0c9d2329ad1606b|2018-09-21--09-50-40/29,scb59
Chunk_8/99c94dc769b5d96e|2018-10-06--10-55-28/5,scb60
Chunk_6/99c94dc769b5d96e|2018-07-09--14-08-31/19,scb61
Chunk_3/99c94dc769b5d96e|2018-05-03--08-13-12/22,scb62
Chunk_8/99c94dc769b5d96e|2018-09-18--11-30-46/14,scb63
Chunk_1/b0c9d2329ad1606b|2018-08-14--20-41-07/7,scb64
Chunk_2/b0c9d2329ad1606b|2018-11-11--13-08-44/21,scb65
Chunk_4/99c94dc769b5d96e|2018-06-27--15-03-44/66,scb66
Chunk_7/99c94dc769b5d96e|2018-07-20--10-39-03/33,scb67
Chunk_5/99c94dc769b5d96e|2018-07-03--10-35-30/27,scb68
Chunk_1/b0c9d2329ad1606b|2018-08-14--20-41-07/10,scb69
Chunk_10/99c94dc769b5d96e|2018-11-15--01-05-25/4,scb70
Chunk_2/b0c9d2329ad1606b|2018-09-23--23-24-40/9,scb71
Chunk_6/99c94dc769b5d96e|2018-07-09--11-25-27/32,scb72
Chunk_7/99c94dc769b5d96e|2018-07-27--11-39-28/28,scb73
Chunk_8/99c94dc769b5d96e|2018-09-13--08-45-04/35,scb74
Chunk_5/99c94dc769b5d96e|2018-07-03--10-35-30/33,scb75
Chunk_9/99c94dc769b5d96e|2018-10-12--20-13-54/9,scb76
Chunk_7/99c94dc769b5d96e|2018-07-27--21-00-35/12,scb77
Chunk_6/99c94dc769b5d96e|2018-07-11--18-22-01/9,scb78
Chunk_9/99c94dc769b5d96e|2018-10-16--10-13-38/6,scb79
Chunk_9/99c94dc769b5d96e|2018-10-14--19-58-04/12,scb80
Chunk_9/99c94dc769b5d96e|2018-11-04--08-49-46/24,scb81
Chunk_7/99c94dc769b5d96e|2018-07-26--21-25-46/12,scb82
Chunk_6/99c94dc769b5d96e|2018-07-10--10-01-44/12,scb83
Chunk_5/99c94dc769b5d96e|2018-07-06--09-43-54/31,scb84
Chunk_7/99c94dc769b5d96e|2018-07-20--10-39-03/34,scb85
Chunk_2/b0c9d2329ad1606b|2018-10-09--15-48-37/13,scb86
Chunk_4/99c94dc769b5d96e|2018-06-24--15-20-06/13,scb87
Chunk_10/99c94dc769b5d96e|2018-11-13--10-09-22/39,scb88
Chunk_8/99c94dc769b5d96e|2018-09-19--16-09-16/27,scb89
Chunk_9/99c94dc769b5d96e|2018-10-25--13-21-14/11,scb90
Chunk_10/99c94dc769b5d96e|2018-11-19--09-56-45/22,scb91
Chunk_6/99c94dc769b5d96e|2018-07-10--14-21-51/17,scb92
Chunk_2/b0c9d2329ad1606b|2018-10-22--11-21-08/31,scb93
Chunk_7/99c94dc769b5d96e|2018-07-27--21-00-35/13,scb94
Chunk_2/b0c9d2329ad1606b|2018-10-09--14-06-32/16,scb95
Chunk_7/99c94dc769b5d96e|2018-07-20--20-16-28/4,scb96
Chunk_10/99c94dc769b5d96e|2018-11-15--01-05-25/2,scb97
Chunk_2/b0c9d2329ad1606b|2018-10-19--22-01-05/7,scb98
Chunk_2/b0c9d2329ad1606b|2018-10-09--14-06-32/9,scb99
Chunk_4/99c94dc769b5d96e|2018-06-24--14-01-30/13,scb100
